Date,Downloads
2025-12-24 04:00,487
2025-12-25 04:10,915
2025-12-26 06:39,1258
2025-12-27 07:13,1336
2025-12-28 10:19,1461
2025-12-29 10:22,1571
2025-12-30 10:22,1640
2025-12-31 10:21,1697
2026-01-01 10:21,1769
2026-01-02 10:20,1822
2026-01-03 10:19,1870
2026-01-04 10:19,1925
2026-01-05 10:23,2102
2026-01-06 10:22,2326
2026-01-07 10:23,2484
2026-01-08 10:23,2564
2026-01-09 10:22,2594
2026-01-10 10:19,2676
2026-01-11 10:20,2721
2026-01-12 10:24,2748
2026-01-13 10:23,2747
2026-01-14 10:24,2816
2026-01-15 10:23,2879
2026-01-16 10:22,3021
2026-01-17 10:19,3041
2026-01-18 10:20,3082
2026-01-19 10:27,3240
2026-01-20 10:26,3280
2026-01-21 10:27,3354
2026-01-22 10:26,3411
2026-01-23 10:24,3458
2026-01-24 10:20,3504
2026-01-25 10:20,3557
2026-01-26 10:25,3595
2026-01-27 10:27,3637
2026-01-28 10:27,3682
2026-01-29 10:35,3705
2026-01-30 10:32,3746
2026-02-04 12:16,3973
2026-02-06 10:28,4112
2026-02-13 10:29,4693
2026-02-20 10:26,4976
2026-02-27 10:26,5206
